{
    "FistLeft": {
        "pinch_distance": 9.051952362060547,
        "pinch_strength": 0.891323983669281,
        "palm_orientation": [
            0.2433440238237381,
            -0.3102242350578308,
            0.292169451713562,
            0.871310293674469
        ],
        "palm_position": [
            -16.69782257080078,
            292.06378173828125,
            1.0318431854248047
        ],
        "pose_vector": [
            19.181449903012574,
            15.296519041659385,
            33.70959221494148,
            2.099467842627959,
            10.546127709797656,
            19.040365127103236,
            -8.965577751876559,
            5.872607409838864,
            7.6639179665481745,
            2.5574883250710236,
            23.995543783349778,
            10.38936771646949,
            -3.6851718574595758,
            8.849377627525065,
            -15.17192148194935,
            -3.764772229059197,
            -3.313814193178043,
            -14.980861235064273,
            1.3260169344204384,
            26.10513209707847,
            6.546769802716568,
            0.4169095983500055,
            4.586384527636341,
            -21.301618169041866,
            -0.3202283397778203,
            -6.027500073601438,
            -13.41690373220657,
            -1.8253392434546605,
            27.41833647775044,
            7.320934904028711,
            3.1548098983300683,
            4.871961154703456,
            -16.604715646549934,
            2.4479368334706066,
            -4.920503296409983,
            -12.072619872810316,
            0.8356994153268857,
            19.570783321321706,
            7.870344701889913,
            5.886368787243313,
            6.728067668899847,
            -11.739552315553398,
            2.7824856341633684,
            -3.369008388265918,
            -9.277412043972438
        ]
    },
    "FistRight": {
        "pinch_distance": 12.335684776306152,
        "pinch_strength": 0.8996427655220032,
        "palm_orientation": [
            0.043448612093925476,
            0.37136131525039673,
            -0.25800907611846924,
            0.8908615112304688
        ],
        "palm_position": [
            58.2075080871582,
            160.35121154785156,
            14.556920051574707
        ],
        "pose_vector": [
            -20.59527050523384,
            14.032495697152836,
            26.66572758396986,
            -1.4458101549107312,
            8.547802607847263,
            16.447535663639226,
            9.58513243315667,
            4.837934097159465,
            6.812335033307149,
            0.9553941763216329,
            19.18857945301187,
            8.252532520758884,
            3.0843616045078974,
            7.65921752889566,
            -13.295855149459886,
            1.9425846664402986,
            -3.1116221049233665,
            -12.467842361261322,
            -0.3967668721056725,
            25.004051654088844,
            -0.0330794035114188,
            -0.6542301439613549,
            2.0074147106886358,
            -19.69543389371555,
            0.6080748109277616,
            -8.259338898510412,
            -9.138216237228171,
            -3.0234303267988363,
            26.130933599024527,
            3.445249825266755,
            -3.9384559354614614,
            1.7498893317100972,
            -13.910857172170708,
            -0.9149449358266546,
            -6.562179588300172,
            -7.413682881806376,
            -3.2964574359220826,
            17.006137429284227,
            3.340587733781314,
            -6.052519103657659,
            3.5622370073165364,
            -13.211842887754576,
            -1.7598329391857703,
            -4.948403299942118,
            -7.218617047492149
        ]
    },
    "Index": {
        "pinch_distance": 57.36793518066406,
        "pinch_strength": 0.7303275465965271,
        "palm_orientation": [
            -0.06070419400930405,
            0.3440774381160736,
            -0.33307698369026184,
            0.875777006149292
        ],
        "palm_position": [
            85.83195495605469,
            137.7946319580078,
            24.27044105529785
        ],
        "pose_vector": [
            -8.731488838431847,
            19.836819354381092,
            35.389400248663954,
            6.218108770144866,
            11.467296914504246,
            18.69890234920124,
            13.17126968024635,
            7.164885814507173,
            6.795742266042742,
            -2.7530534795238992,
            -1.179852249667272,
            30.587965919233326,
            -1.6610151389703312,
            0.2541425814809024,
            20.70730869122862,
            -1.6918394547711095,
            0.04945666000749682,
            17.337465212744377,
            1.2334162510102638,
            30.695167606804297,
            3.4815021235620947,
            -1.6691954161532276,
            6.589345481636574,
            -21.40364944188397,
            -0.16101280143917407,
            -7.590947152803061,
            -15.122472568469826,
            -2.086596672159235,
            31.54440960792645,
            3.8284688496605845,
            -4.761650039596196,
            3.008565025660367,
            -16.392149847152133,
            -1.7229901286321514,
            -8.150953869426935,
            -12.180234099525547,
            -5.523736228262781,
            21.613985111236886,
            5.726301646096431,
            -6.905693630962205,
            6.09773037112582,
            -13.529045867339551,
            -1.649677026291954,
            -5.965549881476097,
            -10.697154872534814
        ]
    },
    "FlatRight": {
        "pinch_distance": 59.375675201416016,
        "pinch_strength": 0.0,
        "palm_orientation": [
            0.08919141441583633,
            0.3127245008945465,
            -0.18337324261665344,
            0.9276974201202393
        ],
        "palm_position": [
            68.93836975097656,
            171.38465881347656,
            28.573896408081055
        ],
        "pose_vector": [
            -32.78126557079736,
            4.377567886834476,
            37.64179198009718,
            -16.33347332705887,
            3.616610586430558,
            23.19185386089978,
            -6.502379162572183,
            4.347078244443365,
            17.509404405801632,
            -3.7733938784389522,
            4.95186714499456,
            31.258386531586382,
            -2.0754094545696766,
            6.503072844287789,
            20.965463391198192,
            -1.6228028962994543,
            7.167513381359875,
            16.830135096475615,
            3.145737059239587,
            3.9947176476534043,
            36.54850324699096,
            2.3181575129917196,
            7.030407730785573,
            25.512756859137646,
            1.1870457435708825,
            6.925096346159643,
            16.02844282184347,
            1.9459930088835868,
            -1.4961163662408703,
            35.71161084266652,
            0.3604677843240047,
            3.5873873961339617,
            20.42027770157364,
            -0.12532341355601773,
            4.732108043476707,
            14.864051237175161,
            9.337130594353596,
            -4.842879733079381,
            23.05709407209904,
            6.093122961159224,
            0.7050216442977595,
            18.37579919460153,
            3.583270317392575,
            2.5690727704519003,
            12.79862170946788
        ]
    },
    "FlatLeft": {
        "pinch_distance": 59.48865509033203,
        "pinch_strength": 0.0,
        "palm_orientation": [
            0.1740645468235016,
            -0.3041711747646332,
            0.249343141913414,
            0.9027787446975708
        ],
        "palm_position": [
            -5.099102020263672,
            244.63348388671875,
            8.484768867492676
        ],